mfcc_0,mfcc_1,mfcc_2,mfcc_3,mfcc_4,mfcc_5,mfcc_6,mfcc_7,mfcc_8,mfcc_9,mfcc_10,mfcc_11,mfcc_12,pitch,jitter,energy,label
-244.8235236353933,115.31493384570946,-36.13086533045325,17.403944449322243,4.225988045189224,-28.70688076843625,-10.952478650708818,-31.0688840893533,-26.06928431552344,-5.023443675649943,-11.118414510727336,-8.503354172178467,-10.532316162482774,0.0,0.0,0.1161685787933794,1
-229.6999536021227,92.44701486767283,-29.43642827206839,15.370167335463709,-2.360683085906961,-31.804341943973043,-17.531350408107386,-10.398071482443516,-15.32399599999112,-8.669602990482694,-23.11187001631063,-11.968543695562913,-12.126383822065048,0.0,0.0,0.1270982880845283,1
-236.5695015381284,62.29764133761098,-13.973178017663711,30.91084372197952,-26.98273384646464,15.35748384127344,-22.1878227985871,-4.7748397797720825,-13.031047758720542,-2.3488917864743857,-6.662773911054052,-6.570321144213267,7.253033842652212,0.0,0.0,0.1375451421042988,1
-230.6324030076252,128.76778230257267,-1.7226315886627896,48.68833583553511,-7.172796592290799,13.264127360443558,-6.444497799654172,-11.400170558849418,-3.757563963279239,-1.4366898769776033,-7.24175956946995,0.7474132233534878,-1.2018214199825905,0.0,0.0,0.1514107057309855,1
-234.6359246064399,61.36400539540035,-2.3661852881530128,49.80920932791897,-35.87747196373336,10.69557790565701,-19.42343289372227,-5.9860502193553895,-19.91698883608293,-4.939082998357722,-12.608407667478206,-6.186525089303716,-2.332308923025144,0.0,0.0,0.1467727796503714,1
-175.19499008078105,78.71570076081225,-9.982743351110402,27.76373708345651,-30.362390391092905,-1.7565542873700577,-37.00027786895929,6.300051594722514,-9.33967744550003,-4.60686445011918,-11.3791853256277,-5.827968409324201,7.4469152111718335,0.0,0.0,0.1613186367571522,1
-241.9525505495951,49.66316817005342,-23.630468394573708,38.474162923898696,-38.92056833825495,-5.173542308973984,-29.96108289190981,-6.404834711681819,-15.05032944525923,-11.639858770909033,-11.959306392667433,-20.2462418251278,7.34057875813273,0.0,0.0,0.1454768941111511,1
-250.60972912631036,59.3650515241438,-8.660299093090616,33.25605034939176,-35.81584981368606,-13.280840853048112,-30.415205897178737,-10.342569156604972,-20.376013415378903,-6.49395187311879,-10.18062889933348,-11.328749946335256,0.1413217747249101,0.0,0.0,0.1332030980790124,1
-249.79533390755344,63.78849757480105,-7.843255996025602,34.494162605136815,-34.14405061885973,-3.703737282064513,-23.39193707753481,-6.114466193020311,-11.192494105493989,-7.29777674159612,-14.594967775377514,-4.973742930387514,-1.0811793736420257,0.0,0.0,0.151126245370141,1
-246.81254581885537,89.2913907543926,-25.08848777161503,19.372986637982724,-22.732710566981893,-13.139833303605217,-24.033073906034517,-21.3938569709722,-14.81936342381376,-1.5552127557628836,-21.98785435877969,-9.829149697425992,4.114825456603875,0.0,0.0,0.1541187565390507,1
-270.9676055991551,63.6183767694676,-5.428920404103772,39.47744990893294,-43.470931979363314,5.700540080129892,-27.43883302853607,-5.332853228894224,-18.426298668323607,-10.986535639696092,-13.621470975424227,-14.9976272566207,-0.5174897677526431,0.0,0.0,0.1602817623429525,1
-262.03814205844844,58.59561158536683,-0.6617900276079144,31.331929808873564,-22.568986339694792,8.536659075670023,-16.97718745220866,-8.734801821576973,-7.4572339129069105,-5.37065115365034,-11.070045780277749,-9.25319699473638,2.9633043273698707,0.0,0.0,0.1406001994536863,1
-288.71705908066787,102.80895909532902,-13.265570657268713,25.059388783095017,-2.943608075279484,-12.902389369248905,-8.109707507332152,-30.478745244239487,-28.11029623623955,-8.930644523092765,-8.78877709815477,-10.0668983870586,-15.036284730158236,0.0,0.0,0.0853438285514012,1
-394.5746043399764,32.93027128164358,3.538774378514769,13.28740110351822,-2.0810664636833853,1.2036878478657032,-17.452582895321314,-7.294362419094254,-12.2757654048336,-6.794962777901719,-12.399891107263766,-0.1244768682546646,-2.4986617980993766,0.0,0.0,0.1338619857355624,1
-305.7628095249037,51.98557495023528,-11.859328996308731,31.95500434791574,-26.959861262187783,-1.247779533395417,-18.12634704053246,-5.52659824656276,-11.591043234413643,-4.087182744687583,-5.501398909155776,-6.174512135787487,3.993024753991136,0.0,0.0,0.1055658278008453,1
-235.35983065960195,97.31779111378664,-18.56066775498556,26.174692703667688,-21.660413499659967,2.6063283093972327,-26.588702976591183,-9.9728823296598,-8.783926419533897,-7.286529374351556,-7.302208672813784,-10.991969093862608,7.443490875329516,0.0,0.0,0.1780376530912125,1
-277.3616435367511,55.398386902301496,-2.7827503456392977,30.490463853465045,-23.133097776110876,-12.979248779960251,-17.867449572625603,-7.065488432850794,-19.111199045458807,-1.187732586059602,-8.020480553556,-11.127372328084055,7.451080704410003,0.0,0.0,0.1357625217853086,1
-239.2489738676016,114.43802303067368,-16.092863833034425,11.357768320232545,-1.5785552696823146,-24.52563821385021,-25.479023639854457,-17.505769537211254,-18.846132272648155,-8.00510848798599,-13.12544291863743,-8.784206725989948,-16.653194224585963,0.0,0.0,0.1036304662312328,1
-223.64236224611813,115.32005636419836,-5.939408104721177,50.64693460866181,-17.504178942440333,9.130450725613478,-4.89512902084972,-10.71195066504638,-3.232273248118381,-3.25562045649998,-6.923804505150374,-1.005147634005738,-2.360659959825876,0.0,0.0,0.1552490002100768,1
-290.4044777127451,63.286759415009584,-17.46928183759183,37.794516677104426,-36.869669974205095,-1.0859245971063325,-24.847286406786555,-9.3443903921446,-17.730676960868376,-8.71718678125883,-14.215309528285117,-14.366064950134144,-0.2165212031664531,0.0,0.0,0.1301135923189544,1
-377.9758777082923,33.31917658264916,-18.104958291780083,17.17155938858083,-17.81687359298229,-8.567716575147887,-15.379249220804054,-7.771240403949207,-11.543164123559652,-5.079802801276034,-5.7743541470517865,-9.627416922059592,1.3973676416032927,0.0,0.0,0.1036459190008633,1
-255.24690760581996,67.42160688469167,-13.476349824335466,38.88029181846792,-29.454397356799465,-1.8097589350953704,-22.084144090995636,-6.286492321199625,-17.131378643560364,-2.7069275802722195,-6.989446108390586,-11.285580267642374,7.689448992490541,0.0,0.0,0.1216069441396724,1
-247.35220454446676,64.03133707103562,-1.7681536969379017,21.52805967396089,-25.97312470958284,6.497870804755187,-20.475362510422645,-13.534790954835875,-13.241706380519323,-6.267516140489678,-15.265191227389556,-8.055857883136587,-1.2189615982132829,0.0,0.0,0.1607468498300512,1
-290.2731103568453,61.90725755518832,-12.275980958064778,34.96630399120045,-24.34571284707168,-8.36373184290388,-24.3907499506936,-3.924737420707577,-12.19268886781258,-6.034700677527373,-9.590639440827749,-6.648181122428675,2.6340956551098285,0.0,0.0,0.1117627134735293,1
-273.8635430473523,91.37338962279942,-11.06142294378719,29.5433515758758,-19.31571199943353,5.233140871945995,-16.246456770780412,-6.151653857345321,-5.460499052056192,-5.844849184895733,-8.578301264512787,-3.501558244301473,0.4639468907791402,0.0,0.0,0.1406012866278136,1
-209.17632279577847,79.065619438118,-19.524823372557428,26.57450844486568,-34.035031588921825,6.759057883511199,-32.91308999881809,-5.090195211929575,-16.991542318267587,-4.479538937711413,-17.57863163419165,-9.623976218136267,1.6412684124323151,0.0,0.0,0.1595794533084975,1
-263.7250570495904,85.12728181680787,-30.76451615541905,21.562380322873373,-29.856797239095044,-15.328815013520291,-15.090531289331718,-21.801549408947817,-16.54312506159877,-6.584721829110023,-18.09603834865692,-11.16522056256487,-0.6813638920798262,0.0,0.0,0.1831912797573496,1
-299.7177070071767,57.82631277671011,-20.305070721885297,29.00983680539388,-22.1794439956753,9.473993588392068,-22.649972468698223,-4.284547540702588,-12.36360152469154,-4.86225006992212,-5.94342607605174,-7.502301440969159,4.831735887272212,0.0,0.0,0.1029215744509395,1
-262.7744110695172,69.61766834340554,5.480920419702814,44.19286796554088,-40.32842166199519,12.724740614555287,-24.815339716111158,-0.93563007761876,-15.006160555523689,-2.828173260856752,-8.745085210084616,-10.543560597984673,6.462985173731464,0.0,0.0,0.1154632615313545,1
-248.56277507616144,79.01367287433678,-17.58812629683976,37.10803240417507,-22.85236341266468,-7.73775870649699,-13.83010556680012,-3.679200811760585,-5.851285871338098,-8.359494653527248,0.2464792771507253,-16.603956507179173,9.29412097526368,0.0,0.0,0.1647637887369187,1
-226.5530085773913,61.93477581901212,-22.535480561814087,40.92381613170758,-35.85304980539242,12.381321317574626,-35.919851662114446,-1.2528922240121203,-12.798576587630716,2.694546768105584,-11.589535581872964,-5.598949046174666,3.5411736835729366,0.0,0.0,0.1518335123868592,1
-224.88164203522064,42.94398993703812,-14.8678769968188,61.3175865964572,-47.94707091989252,-15.172361460599896,-30.2708219835136,-4.150634352480824,-20.82411942478881,-17.603874028049706,0.6343824356087203,-26.2171030255568,8.567490552347346,0.0,0.0,0.1551938668199192,1
-238.42481725405312,85.09907292382574,3.199374507303303,42.7162444799428,-40.53112920783043,-3.934020151050574,-22.63302677590117,-14.983691041078046,-25.29066062239369,-12.199204576543284,-12.758172198133744,-9.457018195177517,4.617888779187192,0.0,0.0,0.172168106179366,1
-342.27931710631225,130.31388780724856,-20.820239369747394,15.414313580269868,-1.787573649695542,-27.614205864642617,-13.64312709746416,-29.878900179824367,-17.762378970221533,-4.018571947835798,-17.24929305261643,-10.001090749329425,-11.09954548384229,0.0,0.0,0.0985817075457267,1
-283.3699097467245,126.96606244919036,6.571511988905431,33.4277046715403,-10.503279118240147,14.788226803617825,-5.000322800102273,-7.3706298651674995,-1.5195462039348837,1.2288472196636462,-6.666279072078362,1.6410089914355013,-4.513187355749648,0.0,0.0,0.1075993529825618,1
-213.2756795333104,114.2557376100359,-15.21576015040086,14.580760837898294,-6.133153743959832,-23.42866136473713,-20.794931380953305,-29.581053497211727,-17.189173112400837,-7.554875080337744,-23.25413955761591,-6.007916240029992,-12.559672899855094,0.0,0.0,0.1250285729790557,1
-266.10521999905603,65.19910899383646,-28.370337649322348,20.252566609002745,-35.32487613566605,1.6263321929112222,-27.830982739743824,-13.886814479152353,-10.77554144604215,-12.192362489859333,-11.521040673400009,-12.857637620647669,4.077252183384924,0.0,0.0,0.1699442457872237,1
-208.42198871931868,64.41382265462839,-21.83194577231155,41.68471428320375,-39.08714325246836,6.662064018929211,-27.474750345003137,-11.84279981940122,-18.242111570534167,-11.520913052319774,-13.552245908951992,-16.035483753246528,6.566911368586145,0.0,0.0,0.1706694110275829,1
-242.86355545917397,69.57206761885104,-5.257707369784525,31.31201089206803,-27.60066296484917,3.796225613294309,-22.133999444508635,-4.888376866075521,-14.53874535596646,-7.18325759950163,-13.75165542538742,-6.427622706646005,-3.441233746745152,0.0,0.0,0.1755670401803461,1
-184.9831856015219,79.10804306861804,-26.544626359743,27.54895277364444,-35.046384762330675,-0.4166205305501762,-43.62065363005861,-4.938096108097795,-13.271897439083522,-10.918756279286937,-19.707658542389662,-12.234788746480008,9.100451537942236,0.0,0.0,0.1650466785941121,1
-257.7602379147661,68.69545282569216,-9.499111652919886,30.899001148489194,-27.267619325818032,-11.876241963602691,-27.326947479227627,-0.6574099219323906,-10.79910871945117,-8.123198952576937,-9.395693861888764,-13.518578591173156,6.248406634457175,0.0,0.0,0.1161951633492604,1
-269.035932835932,128.81767535308563,10.269284886659412,50.3347538464023,-9.25184314876926,11.414662514757552,-1.3058978663758214,-8.844961967043979,-3.9172770528468734,-2.309186407687131,-5.271874502462618,-2.7537345279364622,-1.3567008982610882,0.0,0.0,0.1470749803069415,1
-169.79077040301587,120.60622063879984,-4.639280896810621,30.12973612671389,2.8442626921831744,2.525493204285623,2.869700801441553,-15.11831889719264,-8.486121904468195,-1.69864163762315,-8.907318549767801,-1.4777528754760307,-3.209337983421661,0.0,0.0,0.1590274922121284,1
-236.04964237819388,113.2790925495824,-4.883828715998516,63.15094598471254,-23.991093011017924,13.777304429287554,-9.865826049169971,-7.811990980835932,-9.01072515341862,-1.9920839506445545,-4.70811464413086,-2.462391466318674,0.8881100946847577,0.0,0.0,0.1128210127094676,1
-250.1840398862036,88.82161777751776,-11.025679591655626,29.061959880185437,-3.157157978763981,-17.02385507481952,-14.602449590584085,-27.305701311098115,-24.852333451980627,-13.19937540023942,-19.00984323791912,-2.6591859522440835,-18.0941542248944,0.0,0.0,0.0924639673728846,1
-266.8507123167722,55.76666176187933,0.3451840437538068,30.26775740398041,-28.599477561766363,-0.2961109155282762,-28.459370175119364,-11.338996638957369,-16.711501453527138,-6.726074935110584,-8.007632879422303,-7.266056380749264,1.9912216933194051,0.0,0.0,0.1597508136594196,1
-230.01453044818183,128.39855586024382,0.2964841297927733,28.3218720447868,0.0042110739250473,-0.9050417137833384,4.260764398467504,-8.608439841479367,-4.92904361775901,0.4270166508236495,-3.2655338045460263,-2.3397120393223045,-1.602448018566019,0.0,0.0,0.157566933136834,1
-218.11672147278105,73.27492246215805,-24.83434183205449,41.67582935061116,-48.52345923466115,4.395606609637063,-39.01382239753816,-7.740662705826892,-18.914074800991127,-9.838899346098843,-17.966128815062532,-13.453282375040258,2.0677305753733397,0.0,0.0,0.1707913581841955,1
-237.17715574703567,56.477817100554965,-17.360831385104575,16.51268554464807,-38.68620282416731,-6.47392470111657,-33.12570075019629,-15.705753605184247,-22.842076861222008,-15.406421404745036,-15.848434668541522,-15.004099632089725,1.390428735474511,0.0,0.0,0.2068741027658214,1
-243.34584082988133,118.23217519095826,10.707174663913914,45.46981860875962,-8.829615761924535,9.459684980518723,-4.138767698227952,-7.373227038025063,-3.352874221149549,-1.9022953995981209,-5.381721611962236,0.0268946392321464,-3.6122955390114506,0.0,0.0,0.1419183558727114,1
-197.9960796034833,67.00111773465925,-0.456366037388691,30.67009893423412,-33.1575653236671,7.409242915011648,-25.661507554241695,-5.640415227635694,-16.90606824167192,-6.763925480147773,-11.1065058109419,-12.533030572188084,6.274339427725443,0.0,0.0,0.1939506260127275,1
-303.7338476645395,73.894651903355,-5.621612282030257,33.62608905049457,-35.24837875341515,4.700218017094308,-18.26573283156285,-14.59225929104005,-14.72868578310724,3.0321936239515117,-13.00447869787736,-7.753176608833948,5.486762106239073,0.0,0.0,0.1496014958513913,1
-242.24998810223275,63.28785367275998,-22.483635082309668,23.348811643344384,-24.449762374340175,7.993844692852447,-24.425282732438543,-5.091665717499113,-10.994558681723753,-5.723214897846743,-15.443885958988462,-10.614550476996538,1.0335770706599328,0.0,0.0,0.1635786106936513,1
-222.820638299875,111.09279900101068,-24.915991986382497,22.190813877663043,5.469460706406993,-17.92288121173525,-21.678090284813425,-28.28579303670899,-25.316003262249406,-1.350538409012223,-10.823917252958214,-14.583722405639552,-16.60457531301122,0.0,0.0,0.1033272520183722,1
-214.77786686571773,74.41361566939267,-37.45468335443114,29.92393677989419,-29.66735442736168,-7.735748057570841,-32.151514631024135,-12.346649427362586,-9.132887335574583,-13.844405246315189,-11.943941486906605,-12.88343360352438,2.8816974464658585,0.0,0.0,0.1774470509051722,1
-281.3425240261439,118.91494788533906,-4.144121348240917,34.573792941098866,8.289798975091431,-0.8569537980568439,1.2603721021021268,-4.574964966727273,-0.6797868832122874,1.6211064931834496,-0.2242931925735787,-0.0423559541645812,-1.4134067906235874,0.0,0.0,0.1463628548926443,1
-160.1556310447923,107.92375770583736,-14.829083585238692,35.59859631048641,1.442822766078347,-10.211674343232604,5.205845119848038,-8.243896164120383,-10.284638683703342,-1.1995832588972246,-8.70795307820846,-4.619933397451846,-5.3611174689667935,0.0,0.0,0.1794057763988802,1
-228.34002331603503,125.58721080551496,-11.123119265749128,34.29566485700816,5.590124499875222,-4.226386223180328,-1.6758723407967135,-7.526539400354277,-0.0144255841251373,-7.83214612046072,-3.372089964883931,-3.6819996219073032,-2.761807625072434,0.0,0.0,0.1570963443449183,1
-277.4944364299099,115.44252990324286,16.773728336415427,52.73723714093104,-6.742967186831961,6.501670124314648,-0.9733037406092796,-7.575636917948882,-5.339946350835628,-2.2011445479738527,-5.587563968556555,-1.754116627594687,-2.910144200881124,0.0,0.0,0.1268146989562158,1
-231.57836298266,57.10952735536952,-9.338027589795203,18.26826856243493,-21.785885079264837,-17.671359837813185,-30.65841109286685,-2.88982997015276,-11.293072775382642,-8.639597778146207,-15.384631513048085,-11.229914873826784,4.67382562571496,0.0,0.0,0.1390978065257994,1
-246.03175990711347,84.83140208713795,-28.549457692916576,29.107894993523843,-31.043262679381595,-11.355277418608258,-27.33264445801097,-12.423044532116474,-11.035429389935755,-15.803980985742683,-10.067477604795272,-12.14857314094687,3.7579422713109647,0.0,0.0,0.1735832746446066,1
-250.29141559674213,131.7312688752611,-3.665635132572707,30.92162775415469,11.880518466221416,-2.260155996439106,-4.140170762837877,-8.242037647412422,-0.0518585098366495,-8.271815840221217,-4.980772898948362,2.729637283937034,-6.562055720624847,0.0,0.0,0.1532657475012405,1
-241.71328537842192,122.50158802229105,-5.354418407532182,23.68054792516897,4.154092940062903,0.6848930879091969,3.2093607315306585,-6.158318540547596,-1.2515082222201914,1.6043916436284376,-5.574750588489504,-1.203957409720642,0.4344558095847303,0.0,0.0,0.1391780796466199,1
-226.26446214309777,55.36553903369608,-2.574146731885208,36.89046755571648,-32.99025437745911,-6.727530184731671,-28.20119709170109,-13.871930220912503,-16.158404989328147,-9.193137966982093,-11.65910091355046,-17.340686924513424,4.624191681353447,0.0,0.0,0.1698627960322365,1
-289.5730715665056,112.7940635335903,-7.93515973289002,39.84154259964787,12.066410938265385,-2.3321594995092463,-2.93625407772678,-0.689969702231366,-2.0908833048561326,-1.053649467289449,-8.557291534350403,2.887635379750127,-3.6816656199257807,0.0,0.0,0.1004403108257328,1
-222.2222879415396,59.5084964989961,-10.075496357709948,14.48664556801697,-20.704547055463895,-14.71255676638682,-15.20940957970142,-20.13968315833496,-11.300829636907066,-14.102249015528672,-7.171217486806718,-11.852458467861997,-11.666235065677975,0.0,0.0,0.1895943623700786,1
-254.4681085411276,112.62555210016154,15.773016701127371,54.17285066947021,-7.298811696904242,9.68096767701277,-4.792026297487175,-9.939965377318488,-8.923076423526956,-3.633733585613519,-5.688494320709744,1.7742119116830073,-1.774130094849183,0.0,0.0,0.1249947372705944,1
-212.13790490050647,130.7606224082203,-11.868969562026091,44.09106899853997,3.0759141436792103,-11.120374033533704,-1.1704371381764471,-8.944317498209717,-1.0021610415469544,-8.455733891050004,-7.498076512001158,-2.779673855530286,-12.539555790552187,0.0,0.0,0.1687971160038675,1
-229.9899377692288,56.6625797450719,-38.96061950659416,24.45644582679593,-43.34322744440718,-10.011403852037516,-30.45488593235487,-4.360801357185568,-13.614128783601902,-16.09432056151409,-10.27210003045708,-15.51184478298708,0.6460412101551802,0.0,0.0,0.1350754671550469,1
-332.55790318401,64.20152891661147,-20.396149400746967,23.36849712169949,-11.169488361326067,-4.433318479908949,-8.659353539322082,-17.871744996723848,-4.443304101714984,4.079580742004305,-9.657841264458336,1.6805842490884215,-9.716179936730258,0.0,0.0,0.1305665277617088,1
-223.71794161683732,55.020069050749605,-7.0795785131042495,36.46915873114738,-33.10704103635293,9.700816175095635,-34.237041985214255,-2.3762765858420805,-13.71156087797712,-4.70754454894603,-13.232707945664014,-11.888657578019838,4.138743761896955,0.0,0.0,0.146292199541751,1
-215.93190340602865,64.91122694498958,-7.018340796015005,34.60081387894189,-22.75868161641585,10.744287987107125,-24.73590285485332,0.2056599296503597,-7.747113941177901,-3.134687620979741,-10.13965115741664,-10.99729284480374,1.5040041499435657,0.0,0.0,0.1878717194563664,1
-314.8787302338269,48.70851316375399,4.937243390549376,38.586434782507055,-29.529658440819404,6.276678248485652,-16.658339311932902,-3.1243074122183554,-10.459740691124868,-5.803142474086493,-5.175305605463438,-10.961109568701412,4.963928284722345,0.0,0.0,0.1268255579335504,1
-308.25087266571074,57.954087904277856,-9.944495528668,36.51147165140743,-37.83499850944412,1.7015277908339277,-23.01081975743662,-14.620630585499214,-16.564885154069948,-6.48370809138711,-6.574616470641944,-15.069422148462252,8.02901914091182,0.0,0.0,0.105249800540754,1
-230.81493135929463,73.83792977750393,-20.09089732228232,41.98307419395736,-37.52972428573712,7.411248749063632,-25.649652250498427,-2.3505217342230758,-11.88450048415733,-5.617203271852891,-10.640919885469737,-15.7576882362298,5.856932335862281,0.0,0.0,0.1476464374439018,1
-226.17273602923385,67.0499273927742,-18.89142195609664,40.59034429649908,-37.44161660153897,11.003375723032113,-27.27095860193035,-1.64731025713153,-13.369144471097856,-2.7165179596007896,-12.84029581977932,-14.799731081192665,6.195159657107217,0.0,0.0,0.1294611379386591,1
-316.43512906122925,37.65527707168035,-11.2017878787291,26.3194572298072,-20.837472979378333,4.348981074493117,-24.771089805374316,-8.384129911733199,-14.351814927237312,-6.293307092375367,-19.331622026886716,-1.2929698807840737,-5.537496075505018,0.0,0.0,0.1426687882137589,1
-190.28726921487947,108.92883048123478,-6.23449228188902,49.700994394930106,9.224489809882936,-10.971555011050162,-5.79221555540228,-3.2435024273930853,-0.5839278591073623,-8.152559441077571,-7.180446494377465,1.9780756276134184,-7.862897231362958,0.0,0.0,0.1626324157771827,1
-275.6942953237679,92.62780140954573,-15.907451556423322,22.44895212164748,0.2109488576980796,-0.6880449300763576,-6.5801338430183,-16.26799290267329,-8.355714723136876,-6.780723974395965,-6.253762982072944,-8.735777731116558,-9.49467970803186,0.0,0.0,0.1423166259095043,1
-233.43386458712425,62.7367569185071,-15.147110352646514,38.98824731680143,-48.07092219677777,-7.618987272203538,-34.31744146110715,-3.275406284072868,-20.563315575532755,-7.534852046371838,-6.004902090795929,-17.62262510763811,4.101239023938422,0.0,0.0,0.168418877632343,1
-271.89728548983675,58.22239170836358,-6.957093146226317,22.107203140559992,-30.940330114489537,8.301565085322922,-22.578735880049884,-6.787558234163317,-16.069535318679876,-10.735092884022452,-10.276756183856536,-8.741043530497082,1.240479091812709,0.0,0.0,0.105950766071877,1
-268.10774261198367,67.11133344180686,-24.14718673559725,27.153490577487016,-42.71597473858338,6.284627628048183,-33.99209771006848,-14.304597299657225,-13.975108132384866,-4.395217672171192,-20.128982892640614,-9.80440203070223,3.2753772176260614,0.0,0.0,0.1395134257111412,1
-242.42948213664147,101.89321608164316,-24.595231001742448,20.832117046091263,-4.863692186516764,-18.314268929522804,-12.155864903765725,-32.069685921464085,-24.37617449155322,-2.2972628420770977,-16.96613025446429,-4.435229894457168,-14.805839540265348,0.0,0.0,0.1222975751822046,1
-209.7504754750151,112.37174903979356,-2.5105904583516234,29.40605525687132,0.2262457022953594,-5.48204563190863,5.872625352825937,-17.1311967425047,-1.8405633134070516,-5.231981046711648,-7.045159579903352,-2.887324020243701,-9.219242474941687,0.0,0.0,0.1303801074123644,1
-229.04127783154172,91.0397855998167,-14.112581435458482,35.2052658808819,-20.25988160802769,17.131147904779862,-13.300135696924022,2.5667278604989385,-4.528284807192928,3.930822818776533,-12.29619503238167,-6.00017333194138,0.1253527144448007,0.0,0.0,0.1680602066431437,1
-275.04630076442425,64.10701824617107,-9.790763477605756,32.87288661271345,-33.63161039398919,0.1445452601145142,-29.27761888974047,-16.31939652801542,-15.61079608412917,-8.488308187866732,-9.044192341715036,-17.02779253980292,5.959057311884746,0.0,0.0,0.1384620050260734,1
-273.4959771818783,54.999592800014256,-11.033166513974326,33.75658498257881,-44.76644719314718,0.4926855523514938,-32.41939581779187,-6.310744693506353,-19.630313550979665,-3.832733812511841,-15.100268066939172,-7.925929184878189,1.6001954712657327,0.0,0.0,0.1242296638735812,1
-248.99139465964552,50.95013864610043,-41.90148945546958,22.11244846501004,-48.351634866960296,-5.823225951508198,-34.06746200827646,-16.161888406402806,-9.221426057387951,-16.690343307640674,-5.480836991322367,-24.199723935695516,1.1925026020208738,0.0,0.0,0.1275169368051495,1
-205.7122506290785,93.79575864094552,-9.09387506331439,30.97894563391209,7.426769916981593,-3.221411256227775,-5.922810738932212,-7.285279995505823,-14.098443306598805,-3.776191186135142,-3.0668289996066247,-4.944627779185372,-15.91787491822596,0.0,0.0,0.1183091045292853,1
-227.621682239154,70.37552237158066,-19.85848544064431,20.03404799378472,-29.989674060083978,6.896901421833515,-27.467006748789736,-5.61274588744927,-11.927065464587862,-8.241027097084999,-16.506450555537906,-9.61529795115282,-3.0341004916544336,0.0,0.0,0.1516338918366986,1
-204.895792533718,57.604800967317104,-7.2069459010286785,12.61705720230389,-11.96257132814788,-13.42042643898851,-9.630643347753692,-14.043315164771933,-13.442403503640811,-12.08291575797923,-12.221913749743162,-10.634865411615728,-12.311182478666415,0.0,0.0,0.2027482768225177,1
-188.8008284835961,116.7337578982201,-15.967681137732432,27.28054476088991,-0.8462676505209911,-3.6777932215160254,5.642159518314732,-13.001626109981656,-9.422526132526745,-5.385116505225211,-6.750094020175772,-5.798836239661759,-6.959064931921738,0.0,0.0,0.1470430305629376,1
-253.46842637171315,76.95397316982626,-7.80358306114642,14.81002496149566,4.663428914203291,-2.650473186105472,-4.843263502394064,-7.737894576291596,-8.647977886500096,-1.7189014878402284,-3.050671015442032,-6.567392758168842,-8.372203326857196,0.0,0.0,0.145578790647687,1
-216.4886194195407,128.69635348845944,7.672326886231842,25.130855328016807,-10.489645526955204,-1.6614141719405116,6.562303861383429,-9.41638308364449,-9.63630877524973,-1.4970435522619887,0.8467144871914019,-6.38069895936162,-3.819040053395222,0.0,0.0,0.1804489423428123,1
-230.89035881668408,120.39959396478018,-22.624749343481543,0.5435952702717864,-10.731571912768322,-8.449464606726833,-7.799996391273398,-30.144150804041253,-28.2504056047088,3.3566484848839573,-8.801432576433857,-12.670255057704734,-16.170320627655745,0.0,0.0,0.1160595341794114,1
-283.4085791672767,62.347595859408464,-6.129114161366437,40.07602343213822,-44.64843559717387,1.3435078832985572,-23.44284203251128,-8.765374205279246,-15.47968153865163,-8.98452974331126,-6.528666451919291,-13.75470277118049,2.140424291605645,0.0,0.0,0.1385641886538713,1
-205.33088434504305,60.02647820577568,-27.783905860428675,44.26152826385536,-32.11535709815646,13.96000975499378,-27.58382306540156,-6.224183784088562,-13.213102173270109,-2.1312752463177937,-5.85837170171825,-8.717055851595228,5.307156601646638,0.0,0.0,0.1741953650983275,1
-198.6339432466077,78.70033377210123,0.983785086955984,33.25387146699471,9.752016915541413,3.4350658901433078,-4.6228315302060485,2.531293715035516,-8.16285299082014,-1.3470884748848315,-5.21138534394966,-10.014706279615302,-12.709902027039798,0.0,0.0,0.1325125768142763,1
-212.74771548431127,118.4750472322476,-17.411944308706698,27.76449612610101,-1.0922771058655074,0.4192114873077382,-3.0586757092604286,-11.217457497909711,-1.1521400592407958,1.3857025870776825,-5.945893044420897,-4.905467423375609,-6.41180957543268,0.0,0.0,0.1439825323690529,1
-184.2673088729511,66.03243269859101,-8.550321960885691,36.16275691712266,-40.78646078557758,-6.131962786664405,-48.14892421798567,-2.385153428187044,-14.043153006764364,-9.767606190222311,-14.999646687471657,-15.418321368000496,8.210247613384334,0.0,0.0,0.1383921497498396,1
-230.8415571959041,65.79158897219946,-29.782551809898383,31.515237048736463,-41.80854828566605,-6.596360329583872,-34.37834767605105,-10.903575065286544,-21.755224875063515,-13.948113456731392,-7.975881086231268,-17.822324375092055,3.04094771268018,0.0,0.0,0.1553338287194584,1
-276.8148021920779,50.92730846955927,-26.16327795858341,37.89104410320474,-19.35530286960033,2.667033019496024,-21.177746929490255,-16.395987473035703,-15.279058501853545,-11.372671091070703,-14.56038410498339,-8.11151200965704,1.1693871945206968,0.0,0.0,0.1500841586555226,1
-251.5237602937838,62.94534316330063,-21.095727213998444,32.25326552091149,-39.94771368233864,-1.791904237679941,-31.42582179278056,-16.441968547541148,-19.00443160499493,-13.567766363681708,-13.737242174798832,-14.182853782980764,3.939565172815087,0.0,0.0,0.1373457934056172,1
-272.7378996964543,57.34315886582196,-32.74201783377264,25.691137207250268,-32.025572936975514,-1.2399407327184049,-28.320528016625747,-15.917291329729734,-16.313926093888742,-6.915310924524026,-14.303270816111093,-12.155995854574224,1.6332153053679277,0.0,0.0,0.1114375813991622,1
-212.41635738456188,79.75468414016338,-16.372783544501093,46.20788939813499,-31.342247323944413,-2.714333539909408,-18.357247290271665,-2.5642545043332245,-14.01097602643767,-5.982205019254843,-11.217106025587558,-10.75025613314373,1.9354203415929063,0.0,0.0,0.1699003998460757,1
-286.0860789870063,70.16138550798678,-9.319043959116376,30.6411289777602,-30.73589700237182,-2.3346410444443504,-23.407694028295428,-13.065922173538988,-14.47409511531066,-14.12473079793628,-8.791500932888706,-12.379549443586871,3.1158219430308622,0.0,0.0,0.1403039769368506,1
-225.9582997045349,119.35569699712296,-14.36837205610554,42.42698936742932,17.41528842197505,-9.648560470994765,-8.28813807111479,-2.1270425043202805,3.400194076885936,-10.35800826057608,-7.2823369326709075,0.9738760085790604,-6.019322477945539,0.0,0.0,0.1479517336334262,1
-296.0293231210524,94.95862582767136,-23.114115223468147,10.155832022574115,3.72308130977169,-17.41992710029372,-11.633889230211576,-28.5969199809832,-24.630001071156038,-11.236730349076405,-9.380793285681817,-10.435812854549551,-14.839411244553494,0.0,0.0,0.0796965680216769,1
-170.13865912925755,70.98599293155164,-15.804186606590722,8.734771257068422,-7.168930412003247,-8.965672755712731,-12.871630415805848,-12.017636403792764,-14.593498304655256,-9.083294307494675,-6.711081980397588,-12.36393947871749,-10.227962135738773,0.0,0.0,0.2240926463954184,1
-243.93540505988244,19.42571231067526,36.98530946547015,54.446204958726014,-29.01912057697548,-1.5983436395533508,-14.74027051516696,-8.310464339040715,-23.219857563563284,3.297476488155432,-8.2545707348707,-11.052443781341784,0.1835731747164325,0.0,0.0,0.1552985824055671,1
-245.14144750920377,83.17869845031058,-11.657340959109336,38.65284765319544,-20.156181570405305,-10.424054797240428,-26.57682087139483,-4.98006318439275,-14.885859480916215,-6.548037604697898,-8.436530836708492,-9.44242565104459,5.825941593594204,0.0,0.0,0.152346705761789,1
-244.17458269161503,57.987698397035054,-16.538183075472986,23.92073498598134,-43.0285668419318,9.96332494146257,-31.085261653418076,-14.04536061368386,-8.541105038242746,-12.202890159961054,-6.330020903460336,-12.26105215531398,7.797233691775802,0.0,0.0,0.1502403211564431,1
-223.2102697685804,88.00599650798064,-22.159562578720763,26.20962941529936,-35.26686306831704,17.65180116301379,-27.107998697944613,-3.352985862318673,-7.858343082845866,-6.95850162839857,-11.060912095058226,-9.651063042867358,3.5660590876309093,0.0,0.0,0.1932742133268159,1
-266.7293818726963,61.96855204958343,-1.228262447015574,26.04782840316152,-30.236349436711627,7.532013391356066,-29.186436175912338,-9.347230343856427,-9.206995605073711,-13.513048468944712,-11.480013658437164,-4.012087166745555,-4.165722169748417,0.0,0.0,0.1257083047275369,1
-276.9961134751753,97.30423754202523,-27.212416145107344,31.21702439295977,2.509503802153428,-19.641096011332312,-13.699474071406735,-33.529323563411765,-20.36936000080093,-7.132214261010426,-9.478477674866692,-12.129095139009156,-18.009095848543428,0.0,0.0,0.0905289295006887,1
-211.48165483401752,137.70496318912927,-12.466134210178192,38.27789360337612,8.621344193098741,-9.302052991396112,-2.9885395118899285,1.4027065498062297,0.7407588166435533,-10.62874298770048,-3.157040114103601,-5.908980109547952,-5.729502465323508,0.0,0.0,0.1514983404038735,1
-277.7214645947589,79.23266222371464,8.360704185736633,34.742654675444314,-22.772533607254257,5.447664140184763,-19.537277641257795,-2.2780275321273527,-12.109402386252691,-1.8816722410424296,-15.467161191819342,-4.329879447197416,-4.54689517855011,0.0,0.0,0.1589760532052252,1
-267.9321052267691,75.20513008214634,-17.46141028857845,33.57345952784684,-18.696872360930374,3.688305507336578,-18.326246137099314,0.6807428345273637,-7.882905884073216,-2.857533881904544,-9.4396858988051,-6.854402763646114,1.5246990009916672,0.0,0.0,0.1376255751119569,1
-190.98547858865007,98.86159380309032,-13.687336849319822,30.178383943049138,-4.083870707985695,-5.056918264748595,6.778140402320312,-11.675512341399283,-14.71916509826559,-3.795130345895194,-10.18960434469878,-4.279603688471074,-1.9351998707524096,0.0,0.0,0.1299351245573229,1
-167.85598272329435,122.9850150377724,-19.16986222871673,25.565875867721736,-2.83715844132283,-3.116264863578119,-8.289052561608369,-10.177376807084745,-2.840383200554192,-9.224988027562068,-6.124157371588556,-4.8183170877586345,-7.311636282532781,0.0,0.0,0.1451447551056258,1
-294.79703065576274,103.2106481689988,0.747116499686811,5.640367435812419,-13.188457299616308,-9.082281248200513,-9.787041544084044,-19.48781271824068,-16.027950637677236,2.682987337406094,-7.531530676005813,-9.192356988854916,-6.25802762038961,0.0,0.0,0.093374445318519,1
-361.4002990722656,66.92131805419922,15.333027839660645,10.152970314025879,-11.830727577209473,-5.233256816864014,-9.795169830322266,-5.090089797973633,-10.345797538757324,-7.870511531829834,-7.026689052581787,-5.8707966804504395,2.342733144760132,0.0,0.0,0.0697048082947731,0
-321.718505859375,69.98798370361328,5.675568580627441,23.122390747070312,-9.093070983886719,-0.28618311882019043,-5.857528209686279,-12.52653980255127,-13.29309368133545,-8.125043869018555,-12.864092826843262,-11.099370002746582,-2.996596097946167,0.0,0.0,0.10166709125041962,0
-330.4099426269531,38.77349853515625,28.964860916137695,33.80357360839844,-3.719043016433716,-8.448831558227539,-8.989603996276855,-4.414036750793457,-14.346681594848633,-12.362317085266113,-7.9699859619140625,-4.900920391082764,-0.03174644708633423,0.0,0.0,0.07233947515487671,0
-331.15936279296875,69.58804321289062,15.218411445617676,22.324094772338867,-14.096656799316406,-3.0780675411224365,-14.951988220214844,-6.528084754943848,-12.711274147033691,-9.83114242553711,-4.481125354766846,-6.094959259033203,0.006176465656608343,0.0,0.0,0.0771721750497818,0
-304.6347351074219,65.14678192138672,11.764764785766602,26.728466033935547,-11.863186836242676,-4.906698226928711,-9.987626075744629,-9.716941833496094,-14.928031921386719,-8.216560363769531,-7.646210193634033,-8.962207794189453,-0.7108515501022339,0.0,0.0,0.1039101630449295,0
-324.0767822265625,82.67160034179688,8.095901489257812,14.620096206665039,-6.736044406890869,-3.1074342727661133,-7.31522798538208,-15.202198028564453,-14.825472831726074,-9.434473991394043,-8.578242301940918,-10.256953239440918,-2.5656771659851074,0.0,0.0,0.09908830374479294,0
-299.9506530761719,59.01493835449219,18.1112117767334,22.540727615356445,-13.715316772460938,2.9006764888763428,-13.767850875854492,-10.880354881286621,-17.634862899780273,-11.995429992675781,-6.834854602813721,-8.293244361877441,-1.9063981771469116,0.0,0.0,0.09608269482851028,0
-313.5865783691406,69.76952362060547,17.76483154296875,20.76609992980957,-8.693984985351562,-7.013212203979492,-11.250239372253418,-7.28130578994751,-17.657108306884766,-8.912797927856445,-7.782792568206787,-7.884936809539795,-1.6673191785812378,0.0,0.0,0.09125988930463791,0
-337.98944091796875,57.26924133300781,18.0762996673584,6.766263961791992,-4.824417591094971,-5.047069549560547,-5.817681789398193,-9.038424491882324,-12.542001724243164,-8.853426933288574,-7.640443325042725,-5.6955180168151855,1.6148172616958618,0.0,0.0,0.07229430973529816,0
-300.8037109375,41.78171920776367,23.350194931030273,29.09925651550293,-1.0860657691955566,-1.369135856628418,-11.853789329528809,-4.534933567047119,-15.210777282714844,-9.941807746887207,-8.818385124206543,-5.846654415130615,-2.7913131713867188,0.0,0.0,0.0790550634264946,0
